channel,spacecraft,detector,threshold,training_seconds,p95_window_latency_ms,point_precision,point_recall,point_f1,average_precision,event_precision,event_recall,event_f1,true_events,predicted_events,matched_events,mean_delay_samples,normal_samples,false_positive_samples,false_alarms_per_1000_normal_samples,evaluated_samples,anomalous_samples
C-1,MSL,rolling_median,2.352855920791626,0.0,0.025164587714243677,0.4457831325301205,0.11858974358974358,0.18734177215189873,0.3419594823233514,0.16666666666666666,0.5,0.25,2,6,1,0.0,1920,46,23.958333333333332,2232,312
C-1,MSL,gru,0.5851550102233887,0.2680104999744799,0.2818249922711402,0.4358974358974359,0.05448717948717949,0.09686609686609686,0.19503452975692437,0.1,1.0,0.18181818181818182,2,20,2,4.0,1920,22,11.458333333333334,2232,312
C-2,MSL,rolling_median,1e-06,0.0,0.01972500176634638,0.07965116279069767,1.0,0.14754981152396338,0.22972042877246907,0.5,0.5,0.5,2,2,1,0.0,1882,1583,841.1264612114771,2019,137
C-2,MSL,gru,0.21239811182022095,0.09192708399496041,0.2791339429677464,0.07337883959044368,0.6277372262773723,0.13139801375095492,0.19723546982546947,0.05128205128205128,1.0,0.09756097560975609,2,39,2,2.0,1882,1086,577.0456960680127,2019,137
D-14,MSL,rolling_median,1e-06,0.0,0.01852566492743789,0.8666666666666667,0.17567567567567569,0.29213483146067415,0.2208847451553384,0.6666666666666666,1.0,0.8,2,3,2,9.5,2371,6,2.5305778152678196,2593,222
D-14,MSL,gru,0.04084094241261482,0.42901874997187406,0.2773249871097505,0.5118733509234829,0.8738738738738738,0.6455906821963394,0.889595771536587,0.017857142857142856,1.0,0.03508771929824561,2,112,2,9.5,2371,185,78.0261493040911,2593,222
D-15,MSL,rolling_median,3.2061569690704346,0.0,0.018470201757736494,0.9555555555555556,0.13416536661466458,0.23529411764705882,0.36276415838096854,0.018518518518518517,1.0,0.03636363636363636,1,54,1,43.0,1485,4,2.6936026936026938,2126,641
D-15,MSL,gru,2.584592342376709,0.23408366699004546,0.2746473008301109,0.6304347826086957,0.0452418096723869,0.08442503639010189,0.5384900117700272,0.023255813953488372,1.0,0.04545454545454545,1,43,1,65.0,1485,17,11.447811447811448,2126,641
D-16,MSL,rolling_median,1e-06,0.0,0.021229780395515263,0.4072197593413553,0.9877112135176651,0.5766816143497758,0.431164513214202,0.1,1.0,0.18181818181818182,1,10,1,2.0,1508,936,620.6896551724138,2159,651
D-16,MSL,gru,0.953720211982727,0.16318291702191345,0.2830708515830338,0.431924882629108,0.141321044546851,0.21296296296296297,0.4417818964886527,0.006060606060606061,1.0,0.012048192771084336,1,165,1,31.0,1508,121,80.23872679045093,2159,651
F-4,MSL,rolling_median,1.5710794925689697,0.0,0.01835384755395352,0.057034220532319393,0.2112676056338028,0.08982035928143713,0.06959681244154689,0.05,1.0,0.09523809523809523,1,20,1,56.0,3319,248,74.72130159686652,3390,71
F-4,MSL,gru,0.6048340201377869,0.25922387500759214,0.2755229012109339,0.18292682926829268,0.4225352112676056,0.2553191489361702,0.10050268332284819,0.02857142857142857,1.0,0.05555555555555556,1,35,1,8.0,3319,134,40.373606507984334,3390,71
F-5,MSL,rolling_median,0.6215038895606995,0.0,0.018594090943224718,0.1368421052631579,0.2582781456953642,0.17889908256880735,0.30155211831122775,0.045454545454545456,1.0,0.08695652173913045,1,22,1,26.0,3739,246,65.79299277881786,3890,151
F-5,MSL,gru,0.3408569395542145,0.28854854201199487,0.2777204936137423,0.7457627118644068,0.5827814569536424,0.654275092936803,0.610251408744915,0.045454545454545456,1.0,0.08695652173913045,1,22,1,26.0,3739,30,8.023535704733886,3890,151
F-7,MSL,rolling_median,3.224118709564209,0.0,0.02038990351138635,0.0,0.0,0.0,0.13071110430571553,0.0,0.0,0.0,3,0,0,,4599,0,0.0,5022,423
F-7,MSL,gru,2.9436542987823486,0.2938462079910096,0.2824785522534512,0.06896551724137931,0.004728132387706856,0.008849557522123894,0.18139883177866095,0.06896551724137931,0.6666666666666666,0.125,3,29,2,92.0,4599,27,5.870841487279844,5022,423
F-8,MSL,rolling_median,4.2111077308654785,0.0,0.018766724679153406,0.3333333333333333,0.00186219739292365,0.003703703703703704,0.3063360787630041,0.3333333333333333,1.0,0.5,1,3,1,105.0,1918,2,1.0427528675703859,2455,537
F-8,MSL,gru,3.400644540786743,0.3764700839819852,0.27941040170844644,0.4,0.0037243947858473,0.007380073800738007,0.20043465213094935,0.2,1.0,0.33333333333333337,1,5,1,65.0,1918,3,1.5641293013555788,2455,537
M-1,MSL,rolling_median,3.0689897537231445,0.0,0.01956010382855309,0.035326086956521736,0.011393514460999123,0.017229953611663355,0.3766348343162188,0.041666666666666664,1.0,0.07999999999999999,1,24,1,27.0,1104,355,321.55797101449275,2245,1141
M-1,MSL,gru,2.8258883953094482,0.2514962910208851,0.2829006698448211,0.0,0.0,0.0,0.37300070366064886,0.0,0.0,0.0,1,5,0,,1104,5,4.528985507246377,2245,1141
M-2,MSL,rolling_median,6.480379104614258,0.0,0.019973576127085828,0.9177820267686424,0.42068361086765993,0.5769230769230769,0.7336203856880179,0.02564102564102564,1.0,0.05,1,39,1,40.0,1104,43,38.94927536231884,2245,1141
M-2,MSL,gru,4.672372817993164,0.25100262500927784,0.2790875005302951,0.898876404494382,0.07011393514460999,0.13008130081300814,0.8541709567125156,0.030303030303030304,1.0,0.05882352941176471,1,33,1,40.0,1104,9,8.152173913043478,2245,1141
M-3,MSL,rolling_median,2.832258462905884,0.0,0.019672606140375123,0.0,0.0,0.0,0.12528618099515046,0.0,0.0,0.0,1,6,0,,1844,29,15.726681127982646,2095,251
M-3,MSL,gru,1.1623677015304565,0.23889833298744634,0.27766316052293405,0.08333333333333333,0.00398406374501992,0.0076045627376425855,0.12279309168683505,0.125,1.0,0.2222222222222222,1,8,1,172.0,1844,11,5.96529284164859,2095,251
M-4,MSL,rolling_median,3.0944955348968506,0.0,0.01934585015987976,0.0,0.0,0.0,0.16993782580532585,0.0,0.0,0.0,1,3,0,,1755,18,10.256410256410257,2006,251
M-4,MSL,gru,1.0412285327911377,0.2441218750027474,0.28053365676896647,0.1794871794871795,0.027888446215139442,0.04827586206896552,0.13866984156378406,0.03225806451612903,1.0,0.0625,1,31,1,144.0,1755,32,18.233618233618234,2006,251
M-5,MSL,rolling_median,2.9637949466705322,0.0,0.01920654613059013,0.2631578947368421,0.03322259136212625,0.058997050147492625,0.12534596939705134,0.1111111111111111,1.0,0.19999999999999998,1,9,1,205.0,1970,28,14.213197969543147,2271,301
M-5,MSL,gru,1.8910735845565796,0.23327520900056697,0.2777351197437383,0.07692307692307693,0.0033222591362126247,0.006369426751592357,0.10401703231092863,0.08333333333333333,1.0,0.15384615384615385,1,12,1,138.0,1970,12,6.091370558375634,2271,301
M-6,MSL,rolling_median,1e-06,0.0,0.019218106172047545,0.2692307692307692,0.11602209944751381,0.16216216216216217,0.19534783073159906,0.25,1.0,0.4,1,4,1,10.0,1836,57,31.045751633986928,2017,181
M-6,MSL,gru,0.05089530348777771,0.17925766701227985,0.2764079821645282,0.1728748806112703,1.0,0.2947882736156352,0.9758692163630095,0.1111111111111111,1.0,0.19999999999999998,1,9,1,0.0,1836,866,471.677559912854,2017,181
M-7,MSL,rolling_median,1e-06,0.0,0.01859646581578999,0.5802469135802469,0.46534653465346537,0.5164835164835165,0.4408078111653722,0.25,1.0,0.4,1,4,1,0.0,2023,34,16.80672268907563,2124,101
M-7,MSL,gru,0.1387084424495697,0.18383429199457169,0.2797045002807863,0.803030303030303,0.5247524752475248,0.6347305389221557,0.560193585744179,0.16666666666666666,1.0,0.2857142857142857,1,6,1,14.0,2023,13,6.426099851705388,2124,101
P-10,MSL,rolling_median,3.4387831687927246,0.0,0.019636045908555378,0.09740259740259741,0.6870229007633588,0.17061611374407584,0.5214650831431009,0.011764705882352941,1.0,0.023255813953488372,1,85,1,27.0,5937,834,140.47498736735724,6068,131
P-10,MSL,gru,3.260378360748291,0.4946275829861406,0.27834549837280065,0.0699394754539341,0.7938931297709924,0.12855377008652658,0.10900356160888772,0.2,1.0,0.33333333333333337,1,5,1,27.0,5937,1383,232.94593228903486,6068,131
P-11,MSL,rolling_median,2.816343307495117,0.0,0.019747903570532785,0.6779661016949152,0.17543859649122806,0.2787456445993031,0.2857044182058989,0.09090909090909091,1.0,0.16666666666666669,2,22,2,13.5,3275,19,5.801526717557252,3503,228
P-11,MSL,gru,1.6924134492874146,0.4465523329854477,0.2780672861263156,0.6,0.17105263157894737,0.26621160409556316,0.3302579973406054,0.05128205128205128,1.0,0.09756097560975609,2,39,2,8.5,3275,26,7.938931297709924,3503,228
P-14,MSL,rolling_median,3.4433040618896484,0.0,0.01975595805561169,0.03193873739260366,0.9447513812154696,0.061788617886178863,0.4078018646718591,0.0016155088852988692,1.0,0.0032258064516129032,1,619,1,0.0,5887,5183,880.4144725666723,6068,181
P-14,MSL,gru,3.222437620162964,0.32367129198974,0.27866524033015594,0.02982860909690178,1.0,0.057929268682989275,0.26472424118999105,1.0,1.0,1.0,1,1,1,0.0,5887,5887,1000.0,6068,181
P-15,MSL,rolling_median,1.5455045700073242,0.0,0.021000308333896083,0.1037037037037037,0.6666666666666666,0.1794871794871795,0.6028348425879085,0.1,1.0,0.18181818181818182,1,10,1,7.0,2803,121,43.16803424901891,2824,21
P-15,MSL,gru,0.6102041006088257,0.409963832993526,0.27993604890070856,0.007280291211648466,0.6666666666666666,0.01440329218106996,0.06052525691674059,0.0196078431372549,1.0,0.038461538461538464,1,51,1,7.0,2803,1909,681.0560114163396,2824,21
S-2,MSL,rolling_median,1e-06,0.0,0.023569051700178534,1.0,0.2727272727272727,0.42857142857142855,0.2771840972398075,1.0,1.0,1.0,1,1,1,5.0,1784,0,0.0,1795,11
S-2,MSL,gru,0.07880456745624542,0.1072864170128014,0.2862955487216823,0.057971014492753624,0.36363636363636365,0.1,0.3047151868200858,0.023255813953488372,1.0,0.04545454545454545,1,43,1,5.0,1784,65,36.43497757847533,1795,11
T-12,MSL,rolling_median,1.1404743194580078,0.0,0.01923159579746424,0.18699186991869918,0.19008264462809918,0.1885245901639344,0.15573869715790256,0.125,1.0,0.2222222222222222,1,8,1,74.0,2277,100,43.917435221783045,2398,121
T-12,MSL,gru,0.5580188035964966,0.13554045799537562,0.27712644077837467,0.2786885245901639,0.14049586776859505,0.18681318681318682,0.08059788953830459,0.045454545454545456,1.0,0.08695652173913045,1,22,1,22.0,2277,44,19.32367149758454,2398,121
T-13,MSL,rolling_median,0.5345351696014404,0.0,0.018381887639407058,0.0,0.0,0.0,0.3829240238382617,0.0,0.0,0.0,2,0,0,,2146,0,0.0,2398,252
T-13,MSL,gru,1.5820999145507812,0.13017870800103992,0.27636008308036253,0.0,0.0,0.0,0.1487445285730448,0.0,0.0,0.0,2,4,0,,2146,6,2.7958993476234855,2398,252
T-4,MSL,rolling_median,2.0001893043518066,0.0,0.01832114066928624,1.0,0.057971014492753624,0.1095890410958904,0.08960548234599276,1.0,1.0,1.0,1,1,1,40.0,2116,0,0.0,2185,69
T-4,MSL,gru,1.8678447008132935,0.2566047080035787,0.2859603933757171,0.043478260869565216,0.014492753623188406,0.021739130434782608,0.048933383582514776,0.043478260869565216,1.0,0.08333333333333333,1,23,1,44.0,2116,22,10.396975425330814,2185,69
T-5,MSL,rolling_median,1e-06,0.0,0.019433053967077278,1.0,0.19230769230769232,0.3225806451612903,0.20191427968189177,1.0,1.0,1.0,1,1,1,12.0,2160,0,0.0,2186,26
T-5,MSL,gru,0.056562863290309906,0.25733566700364463,0.280362184275873,0.5454545454545454,0.23076923076923078,0.32432432432432434,0.25238069967589594,0.16666666666666666,1.0,0.2857142857142857,1,6,1,12.0,2160,5,2.314814814814815,2186,26
T-8,MSL,rolling_median,2.6490135192871094,0.0,0.01768062356859445,0.25,0.058823529411764705,0.09523809523809523,0.0825223149583811,0.08333333333333333,1.0,0.15384615384615385,2,24,2,6.0,1385,18,12.99638989169675,1487,102
T-8,MSL,gru,2.9320523738861084,0.0882210839772597,0.277562192059122,0.25,0.058823529411764705,0.09523809523809523,0.09685316982021291,0.08333333333333333,1.0,0.15384615384615385,2,24,2,6.0,1385,18,12.99638989169675,1487,102
T-9,MSL,rolling_median,1.702297568321228,0.0,0.01854377333074807,0.5405405405405406,0.17857142857142858,0.2684563758389262,0.5531495835928747,0.18181818181818182,1.0,0.3076923076923077,2,11,2,15.5,952,17,17.857142857142858,1064,112
T-9,MSL,gru,1.8184444904327393,0.053367167012766004,0.2762506002909504,0.2742857142857143,0.42857142857142855,0.3344947735191638,0.40911324195796145,0.14285714285714285,1.0,0.25,2,14,2,4.5,952,127,133.4033613445378,1064,112
A-1,SMAP,rolling_median,1e-06,0.0,0.020139901607763,1.0,0.011764705882352941,0.023255813953488372,0.0215230701946206,1.0,1.0,1.0,1,1,1,60.0,8523,0,0.0,8608,85
A-1,SMAP,gru,0.054907843470573425,0.31852183301816694,0.2787506193271838,0.10256410256410256,0.1411764705882353,0.1188118811881188,0.060851176211205324,0.014084507042253521,1.0,0.02777777777777778,1,71,1,60.0,8523,105,12.319605772615276,8608,85
A-2,SMAP,rolling_median,2.374269962310791,0.0,0.01831068948376923,0.0,0.0,0.0,0.016588384895895727,0.0,0.0,0.0,1,1,0,,7771,1,0.12868356710848025,7882,111
A-2,SMAP,gru,1.1957051753997803,0.2946539999975357,0.27643814973998815,0.25,0.02702702702702703,0.04878048780487805,0.027709145351236922,0.125,1.0,0.2222222222222222,1,8,1,14.0,7771,9,1.1581521039763223,7882,111
A-3,SMAP,rolling_median,2.167816162109375,0.0,0.019355953554622822,0.2,0.005376344086021506,0.010471204188481676,0.04696278343733,0.2,1.0,0.33333333333333337,1,5,1,48.0,7987,4,0.5008138224615,8173,186
A-3,SMAP,gru,0.8392565250396729,0.30393154101329856,0.27719939389498904,0.1267605633802817,0.04838709677419355,0.07003891050583658,0.06742535853786828,0.016129032258064516,1.0,0.031746031746031744,1,62,1,48.0,7987,62,7.762614248153249,8173,186
A-4,SMAP,rolling_median,2.082534074783325,0.0,0.020190198847558335,0.05405405405405406,0.036036036036036036,0.043243243243243246,0.021566279133259522,0.014925373134328358,1.0,0.029411764705882353,1,67,1,101.0,7937,70,8.819453193901978,8048,111
A-4,SMAP,gru,1.0902336835861206,0.29935687500983477,0.2804628078592941,0.15625,0.09009009009009009,0.11428571428571428,0.07077877217633124,0.01694915254237288,1.0,0.03333333333333333,1,59,1,9.0,7937,54,6.8035781781529545,8048,111
A-5,SMAP,rolling_median,7.2686591148376465,0.0,0.018781247490551312,0.053117782909930716,0.9019607843137255,0.10032715376226826,0.8642439399010807,0.0014903129657228018,1.0,0.002976190476190476,1,671,1,5.0,4610,820,177.87418655097613,4661,51
A-5,SMAP,gru,7.150807857513428,0.08477779099484906,0.27879102708538994,0.022727272727272728,0.8627450980392157,0.04428787116255662,0.49401021535225115,1.0,1.0,1.0,1,1,1,7.0,4610,1892,410.412147505423,4661,51
A-6,SMAP,rolling_median,18.531105041503906,0.0,0.018335717322770496,0.0,0.0,0.0,0.5661907071146546,0.0,0.0,0.0,1,0,0,,4380,0,0.0,4421,41
A-6,SMAP,gru,28.030126571655273,0.08198237500619143,0.28041011246386915,1.0,0.2682926829268293,0.4230769230769231,0.6152639743539938,0.125,1.0,0.2222222222222222,1,8,1,13.0,4380,0,0.0,4421,41
A-7,SMAP,rolling_median,3.04148530960083,0.0,0.018939895380754017,0.0,0.0,0.0,0.1681467276375654,0.0,0.0,0.0,1,2,0,,6198,4,0.6453694740238787,8599,2401
A-7,SMAP,gru,1.1846896409988403,0.32577516700257547,0.27800276438938454,0.008771929824561403,0.0008329862557267805,0.0015214910612400153,0.30555371052654834,0.005208333333333333,1.0,0.010362694300518135,1,192,1,16.0,6198,226,36.46337528234915,8599,2401
A-8,SMAP,rolling_median,1.5616416931152344e-05,0.0,0.01985240087378769,0.32343076185912795,0.35470310036784025,0.3383458646616541,0.39370151013135746,0.0029154518950437317,1.0,0.005813953488372092,1,343,1,93.0,4537,2824,622.4377341855852,8343,3806
A-8,SMAP,gru,0.06626368314027786,0.08771587497903965,0.2750291474512778,0.15388858246001103,0.1466106148187073,0.15016146393972013,0.3089588235711788,0.003745318352059925,1.0,0.007462686567164179,1,267,1,98.0,4537,3068,676.21776504298,8343,3806
A-9,SMAP,rolling_median,0.0007198810344561934,0.0,0.018746170098893334,0.43926496419402783,0.8411384217335058,0.5771347417006923,0.3556567216805404,0.0044444444444444444,1.0,0.008849557522123894,1,225,1,0.0,4537,4150,914.7013445007715,8402,3865
A-9,SMAP,gru,0.04624714329838753,0.08794616698287427,0.2849183903890662,0.46154764748029614,1.0,0.6315875480022878,0.9312727075208145,0.05,1.0,0.09523809523809523,1,20,1,0.0,4537,4509,993.8285210491514,8402,3865
B-1,SMAP,rolling_median,1e-06,0.0,0.021443763398565335,1.0,0.23943661971830985,0.38636363636363635,0.24617650988306272,1.0,1.0,1.0,1,1,1,17.0,7941,0,0.0,8012,71
B-1,SMAP,gru,0.0022501200437545776,0.274507750000339,0.2758413291303441,0.01606664683130021,0.7605633802816901,0.03146853146853147,0.16526756946246757,0.0625,1.0,0.11764705882352941,1,16,1,17.0,7941,3307,416.4462913990681,8012,71
D-1,SMAP,rolling_median,2.7022249698638916,0.0,0.019595208868850012,0.7424242424242424,0.030070573795642836,0.05780005897965202,0.4118952641865409,0.034482758620689655,1.0,0.06666666666666667,1,29,1,77.0,5218,34,6.515906477577616,8477,3259
D-1,SMAP,gru,2.584113836288452,0.31760566600132734,0.27636525192065164,0.9969082789419443,0.8904571954587297,0.9406807131280389,0.9564455934823157,0.1,1.0,0.18181818181818182,1,10,1,357.0,5218,9,1.7247987734764278,8477,3259
D-11,SMAP,rolling_median,1.92844557762146,0.0,0.01876874739537015,1.0,0.2786885245901639,0.4358974358974359,0.2846352741509154,1.0,1.0,1.0,1,1,1,32.0,7338,0,0.0,7399,61
D-11,SMAP,gru,1.7848529815673828,0.30213695898419246,0.28049761458532885,1.0,0.06557377049180328,0.12307692307692308,0.07381391847275529,1.0,1.0,1.0,1,1,1,32.0,7338,0,0.0,7399,61
D-12,SMAP,rolling_median,1e-06,0.0,0.017964887956622978,1.0,0.1135036496350365,0.20386758439855784,0.4215178520190081,0.05555555555555555,1.0,0.10526315789473684,1,18,1,162.0,5146,0,0.0,7886,2740
D-12,SMAP,gru,0.05105780437588692,0.03395470799296163,0.28134230960858986,0.8970640254686947,0.9255474452554745,0.9110831686725346,0.9514495988029388,0.07142857142857142,1.0,0.13333333333333333,1,14,1,204.0,5146,291,56.54877574815391,7886,2740
D-13,SMAP,rolling_median,1e-06,0.0,0.017953844508156173,1.0,0.2484472049689441,0.39800995024875624,0.2643035802801746,0.5,1.0,0.6666666666666666,1,2,1,22.0,7470,0,0.0,7631,161
D-13,SMAP,gru,0.013640888035297394,0.17042279097950086,0.2798833549604751,0.04133214391911983,0.8633540372670807,0.07888762769580022,0.14208366253579105,0.011764705882352941,1.0,0.023255813953488372,1,85,1,22.0,7470,3224,431.5930388219545,7631,161
D-2,SMAP,rolling_median,1e-06,0.0,0.019619397062342604,1.0,0.008060692271218587,0.01599247412982126,0.49667449584473256,0.5,1.0,0.6666666666666666,1,2,1,371.0,4345,0,0.0,8563,4218
D-2,SMAP,gru,0.05847027525305748,0.3221473750018049,0.27881279384018853,0.9893534146974812,0.903271692745377,0.9443549386541084,0.9653060842256714,0.02702702702702703,1.0,0.052631578947368425,1,37,1,7.0,4345,41,9.436133486766398,8563,4218
D-3,SMAP,rolling_median,0.05210065841674805,0.0,0.01951250160345807,0.9536504089669797,0.960927960927961,0.9572753535046373,0.9520823187130917,0.022222222222222223,1.0,0.04347826086956522,1,45,1,75.0,5332,153,28.694673668417103,8608,3276
D-3,SMAP,gru,1.0752711296081543,0.32499616700806655,0.27701876242645085,0.9580963783298414,0.9771062271062271,0.9675079341091128,0.8641040735141915,0.5,1.0,0.6666666666666666,1,2,1,75.0,5332,140,26.25656414103526,8608,3276
D-4,SMAP,rolling_median,0.5565199851989746,0.0,0.01962260575965046,0.9971641261963843,0.8660714285714286,0.9270060965562695,0.9837398084498621,0.009433962264150943,1.0,0.018691588785046728,1,106,1,0.0,5193,8,1.5405353360292702,8441,3248
D-4,SMAP,gru,1.1643497943878174,0.31505587499123067,0.28240867104614154,0.9990755007704161,0.9981527093596059,0.998613891883567,0.9999963083747567,0.3333333333333333,1.0,0.5,1,3,1,2.0,5193,3,0.5777007510109763,8441,3248
D-5,SMAP,rolling_median,2.033670663833618,0.0,0.018104811897501343,0.014616321559074299,0.47058823529411764,0.02835203780271707,0.2428827777217827,0.008849557522123894,1.0,0.017543859649122806,1,113,1,11.0,7545,1618,214.4466534128562,7596,51
D-5,SMAP,gru,0.47203269600868225,0.28401254198979586,0.28190802404424176,0.006714060031595577,1.0,0.013338564142801098,0.5382605645613238,1.0,1.0,1.0,1,1,1,0.0,7545,7545,1000.0,7596,51
D-6,SMAP,rolling_median,2.1785073280334473,0.0,0.019912503194063885,1.0,0.037037037037037035,0.07142857142857142,0.12061353516145254,1.0,1.0,1.0,1,1,1,48.0,7771,0,0.0,7852,81
D-6,SMAP,gru,0.46494022011756897,0.2846009159984533,0.2775603876216337,0.036637931034482756,0.20987654320987653,0.062385321100917435,0.08749019574604203,0.005235602094240838,1.0,0.010416666666666668,1,191,1,3.0,7771,447,57.52155449749067,7852,81
D-7,SMAP,rolling_median,1e-06,0.0,0.019048569083679454,1.0,0.050333086602516654,0.09584214235377025,0.3875209972464063,0.125,1.0,0.2222222222222222,1,8,1,98.0,4908,0,0.0,7610,2702
D-7,SMAP,gru,0.040914058685302734,0.2907632080023177,0.2776055960566737,0.9630314232902033,0.964100666173205,0.9635657481043093,0.9843900293728479,0.01694915254237288,1.0,0.03333333333333333,1,59,1,49.0,4908,100,20.37489812550937,7610,2702
D-8,SMAP,rolling_median,1e-06,0.0,0.019201428222004314,1.0,0.0196078431372549,0.038461538461538464,0.025983767646308713,1.0,1.0,1.0,1,1,1,16.0,7791,0,0.0,7842,51
D-8,SMAP,gru,0.0029616951942443848,0.3020969579811208,0.28156903717899695,0.11428571428571428,0.39215686274509803,0.17699115044247787,0.04993065531692982,0.047619047619047616,1.0,0.0909090909090909,1,21,1,16.0,7791,155,19.89475035297138,7842,51
D-9,SMAP,rolling_median,1e-06,0.0,0.03054826811421657,1.0,0.029411764705882353,0.05714285714285714,0.1815679892787058,0.5,1.0,0.6666666666666666,1,2,1,223.0,6218,0,0.0,7374,1156
D-9,SMAP,gru,0.0005947276949882507,0.2959805839927867,0.2869273914257064,0.8123348017621146,0.7975778546712803,0.8048886948930598,0.8289210030678772,0.058823529411764705,1.0,0.1111111111111111,1,17,1,223.0,6218,213,34.25538758443229,7374,1156
E-1,SMAP,rolling_median,2.431225299835205,0.0,0.028918735915794944,0.0,0.0,0.0,0.05581189614597416,0.0,0.0,0.0,2,0,0,,7976,0,0.0,8484,508
E-1,SMAP,gru,0.5003907680511475,0.3440537089772988,0.28270352486288175,0.2935267857142857,0.5177165354330708,0.37464387464387466,0.18371111610618512,0.014492753623188406,0.5,0.028169014084507046,2,69,1,1.0,7976,633,79.36308926780342,8484,508
E-10,SMAP,rolling_median,2.435375928878784,0.0,0.018949997320305546,0.0,0.0,0.0,0.04085874025222083,0.0,0.0,0.0,2,0,0,,8151,0,0.0,8473,322
E-10,SMAP,gru,0.46214962005615234,0.3199408750224393,0.27445834275567904,0.26247288503253796,0.7515527950310559,0.3890675241157556,0.22508985221763683,0.012195121951219513,0.5,0.023809523809523808,2,82,1,10.0,8151,680,83.42534658324132,8473,322
E-11,SMAP,rolling_median,2.4341564178466797,0.0,0.02093123330269007,0.0,0.0,0.0,0.038469215390472114,0.0,0.0,0.0,2,0,0,,8187,0,0.0,8482,295
E-11,SMAP,gru,0.4992108941078186,0.3175014170119539,0.28241519030416384,0.2631578947368421,0.7966101694915254,0.3956228956228956,0.29137210365831145,0.015625,0.5,0.030303030303030304,2,64,1,2.0,8187,658,80.37132038597777,8482,295
E-12,SMAP,rolling_median,2.431225299835205,0.0,0.018683345115277906,0.0,0.0,0.0,0.06548534231003848,0.0,0.0,0.0,2,0,0,,7897,0,0.0,8480,583
E-12,SMAP,gru,0.4911879003047943,0.314583458006382,0.2795565509586595,0.10014513788098693,0.1183533447684391,0.10849056603773585,0.12698112705267753,0.013157894736842105,0.5,0.025641025641025637,2,76,1,1.0,7897,620,78.51082689628973,8480,583
E-13,SMAP,rolling_median,3.1642990112304688,0.0,0.02198749134549869,0.02702702702702703,0.022727272727272728,0.024691358024691357,0.03393417572365743,0.022727272727272728,0.3333333333333333,0.04255319148936171,3,44,1,91.0,8344,216,25.88686481303931,8608,264
E-13,SMAP,gru,1.6700445413589478,0.31603520800126716,0.2723910103668459,0.06666666666666667,0.011363636363636364,0.019417475728155338,0.0347288947065312,0.046511627906976744,0.6666666666666666,0.08695652173913045,3,43,2,48.0,8344,42,5.033557046979865,8608,264
E-2,SMAP,rolling_median,2.996140956878662,0.0,0.018743399414233853,0.0,0.0,0.0,0.16281359507751808,0.0,0.0,0.0,1,0,0,,7102,0,0.0,8500,1398
E-2,SMAP,gru,0.6865077614784241,0.3307428330008406,0.2776785477180965,0.4291845493562232,0.2145922746781116,0.2861230329041488,0.32906600902597916,0.007194244604316547,1.0,0.014285714285714287,1,139,1,13.0,7102,399,56.18135736412278,8500,1398
E-3,SMAP,rolling_median,1.2740633487701416,0.0,0.022866971266921592,1.0,0.005291005291005291,0.010526315789473684,0.4481593613500548,1.0,1.0,1.0,1,1,1,521.0,5062,0,0.0,8275,3213
E-3,SMAP,gru,0.7845724821090698,0.3189215839956887,0.2833339458447881,0.2777777777777778,0.001556178026766262,0.0030950170225936243,0.4902026362611058,0.1111111111111111,1.0,0.19999999999999998,1,9,1,220.0,5062,13,2.568154879494271,8275,3213
E-4,SMAP,rolling_median,3.432865619659424,0.0,0.01800594327505677,0.0,0.0,0.0,0.33192933654109047,0.0,0.0,0.0,1,0,0,,5510,0,0.0,8322,2812
E-4,SMAP,gru,0.5938671231269836,0.3168844169995282,0.2750919447862543,0.8559322033898306,0.1077524893314367,0.1914087176247631,0.3240255010469759,0.01694915254237288,1.0,0.03333333333333333,1,59,1,165.0,5510,51,9.255898366606171,8322,2812
E-5,SMAP,rolling_median,2.431225299835205,0.0,0.021059741266071783,0.0,0.0,0.0,0.0452376834277889,0.0,0.0,0.0,1,0,0,,7941,0,0.0,8262,321
E-5,SMAP,gru,0.46857577562332153,0.31489270899328403,0.27717224147636443,0.038485033598045205,0.19626168224299065,0.06435137895812053,0.04917305199056976,0.0072992700729927005,1.0,0.014492753623188404,1,137,1,11.0,7941,1574,198.21181211434327,8262,321
E-6,SMAP,rolling_median,2.9344842433929443,0.0,0.019928561232518398,1.0,0.18181818181818182,0.3076923076923077,0.19133232530593466,1.0,1.0,1.0,1,1,1,5.0,8202,0,0.0,8268,66
E-6,SMAP,gru,1.4632019996643066,0.32810158299980685,0.2752306070760824,0.14736842105263157,0.21212121212121213,0.17391304347826086,0.22374127442323688,0.021739130434782608,1.0,0.042553191489361694,1,46,1,1.0,8202,81,9.875640087783468,8268,66
E-7,SMAP,rolling_median,2.8259408473968506,0.0,0.019914899894502,0.5125,0.14590747330960854,0.22714681440443213,0.1830751446660358,0.022222222222222223,1.0,0.04347826086956522,1,45,1,43.0,7997,39,4.876828810804051,8278,281
E-7,SMAP,gru,1.4936587810516357,0.31190491700544953,0.2823538496159017,0.10357815442561205,0.19572953736654805,0.1354679802955665,0.2045569878291032,0.009433962264150943,1.0,0.018691588785046728,1,106,1,43.0,7997,476,59.522320870326375,8278,281
E-8,SMAP,rolling_median,3.055327892303467,0.0,0.019502722716424604,0.0,0.0,0.0,0.06953329952902113,0.0,0.0,0.0,1,0,0,,7877,0,0.0,8500,623
E-8,SMAP,gru,0.4107048213481903,0.32993437501136214,0.2764083299553022,0.18503401360544217,0.43659711075441415,0.25991399904443385,0.2660380692769951,0.005952380952380952,1.0,0.011834319526627219,1,168,1,14.0,7877,1198,152.0883585121239,8500,623
E-9,SMAP,rolling_median,2.362581968307495,0.0,0.02013537741731851,0.0,0.0,0.0,0.10879833294948484,0.0,0.0,0.0,1,0,0,,7919,0,0.0,8270,351
E-9,SMAP,gru,0.48730412125587463,0.31952220801031217,0.27738961653085425,0.023255813953488372,0.037037037037037035,0.02857142857142857,0.032917355885144356,0.008064516129032258,1.0,0.016,1,124,1,12.0,7919,546,68.94809950751358,8270,351
F-1,SMAP,rolling_median,4.153986930847168,0.0,0.02232561382697893,0.024390243902439025,0.009900990099009901,0.014084507042253521,0.011529098430957275,0.02702702702702703,1.0,0.052631578947368425,1,37,1,28.0,8451,40,4.733167672464797,8552,101
F-1,SMAP,gru,3.052082061767578,0.3209421669889707,0.27802326512755826,0.010416666666666666,0.019801980198019802,0.013651877133105802,0.01232506917129423,0.005405405405405406,1.0,0.010752688172043012,1,185,1,28.0,8451,190,22.482546444207784,8552,101
F-2,SMAP,rolling_median,5.331483840942383,0.0,0.019260399858467267,1.0,0.0016909029421711193,0.00337609723160027,0.2854694015533794,0.2,1.0,0.33333333333333337,1,5,1,10.0,5637,0,0.0,8594,2957
F-2,SMAP,gru,4.930025577545166,0.31666383298579603,0.2828252952895127,1.0,0.0013527223537368955,0.002701789935832489,0.5248262166743395,0.25,1.0,0.4,1,4,1,10.0,5637,0,0.0,8594,2957
F-3,SMAP,rolling_median,0.024807214736938477,0.0,0.02093123621307313,1.0,0.5609756097560976,0.71875,0.5646119930808081,1.0,1.0,1.0,1,1,1,11.0,8303,0,0.0,8344,41
F-3,SMAP,gru,1.044398307800293,0.3139405409747269,0.28036700532538816,0.0,0.0,0.0,0.006854469255198338,0.0,0.0,0.0,1,2,0,,8303,5,0.6021919788028424,8344,41
G-1,SMAP,rolling_median,1.6643024682998657,0.0,0.02212501858593894,0.0,0.0,0.0,0.013216974388355202,0.0,0.0,0.0,1,0,0,,8316,0,0.0,8437,121
G-1,SMAP,gru,0.9140306115150452,0.3106721250223927,0.27504550089361146,0.0,0.0,0.0,0.009480818804881226,0.0,0.0,0.0,1,5,0,,8316,8,0.962000962000962,8437,121
G-2,SMAP,rolling_median,1e-06,0.0,0.01896635221783071,1.0,0.024390243902439025,0.047619047619047616,0.029848014403189467,1.0,1.0,1.0,1,1,1,11.0,7288,0,0.0,7329,41
G-2,SMAP,gru,0.057558998465538025,0.2821140000014566,0.278152093233075,0.012987012987012988,0.024390243902439025,0.01694915254237288,0.03896101220749647,0.01639344262295082,1.0,0.03225806451612903,1,61,1,11.0,7288,76,10.428100987925356,7329,41
G-3,SMAP,rolling_median,1e-06,0.0,0.020319054601713998,0.5,0.0196078431372549,0.03773584905660377,0.02595704948646125,0.5,1.0,0.6666666666666666,1,2,1,12.0,7824,1,0.1278118609406953,7875,51
G-3,SMAP,gru,0.403391569852829,0.2938402080035303,0.28334345697658136,0.2857142857142857,0.0784313725490196,0.12307692307692308,0.07289034762443557,0.1111111111111111,1.0,0.19999999999999998,1,9,1,12.0,7824,10,1.278118609406953,7875,51
G-4,SMAP,rolling_median,2.25608491897583,0.0,0.01832114066928624,1.0,0.06451612903225806,0.12121212121212122,0.06808368947953866,1.0,1.0,1.0,1,1,1,16.0,7569,0,0.0,7600,31
G-4,SMAP,gru,2.204352617263794,0.2809506249905098,0.27869520417880267,0.10810810810810811,0.12903225806451613,0.11764705882352941,0.13600956310991041,0.02857142857142857,1.0,0.05555555555555556,1,35,1,16.0,7569,33,4.359889021006738,7600,31
G-6,SMAP,rolling_median,0.024803772568702698,0.0,0.01893749722512438,1.0,0.16831683168316833,0.288135593220339,0.18287126767158374,1.0,1.0,1.0,1,1,1,53.0,8507,0,0.0,8608,101
G-6,SMAP,gru,0.6488492488861084,0.3151086659927387,0.2759628026979044,0.08064516129032258,0.1485148514851485,0.10452961672473868,0.11512424509089195,0.08333333333333333,1.0,0.15384615384615385,1,12,1,44.0,8507,171,20.101093217350417,8608,101
G-7,SMAP,rolling_median,11.817514419555664,0.0,0.019508003606460978,0.0,0.0,0.0,0.28549066841465504,0.0,0.0,0.0,3,0,0,,7729,0,0.0,7997,268
G-7,SMAP,gru,11.510004043579102,0.28245891598635353,0.2822830487275496,1.0,0.03731343283582089,0.07194244604316546,0.3837999249303239,1.0,0.3333333333333333,0.5,3,1,1,24.0,7729,0,0.0,7997,268
P-1,SMAP,rolling_median,4.03844690322876,0.0,0.020081228285562237,0.0,0.0,0.0,0.07660382431141308,0.0,0.0,0.0,3,7,0,,7722,13,1.6835016835016836,8473,751
P-1,SMAP,gru,1.5844041109085083,0.31713358298293315,0.2808878096402623,0.22727272727272727,0.013315579227696404,0.025157232704402517,0.0847030948803566,0.06976744186046512,1.0,0.13043478260869565,3,43,3,50.0,7722,34,4.403004403004403,8473,751
P-2,SMAP,rolling_median,3.0491390228271484,0.0,0.02003510744543745,0.9836065573770492,0.5172413793103449,0.6779661016949152,0.6939473745334891,0.01098901098901099,1.0,0.02173913043478261,1,91,1,44.0,6901,11,1.5939718881321547,8177,1276
P-2,SMAP,gru,1.7110273838043213,0.3196476670273114,0.2773497180896811,0.5562770562770563,0.40282131661442006,0.4672727272727273,0.6087186439804043,0.002173913043478261,1.0,0.0043383947939262466,1,460,1,17.0,6901,410,59.41167946674395,8177,1276
P-3,SMAP,rolling_median,2.562422513961792,0.0,0.01898305054055526,1.0,0.0815868263473054,0.1508650519031142,0.5000108167477725,0.014925373134328358,1.0,0.029411764705882353,1,67,1,14.0,7125,0,0.0,8461,1336
P-3,SMAP,gru,1.352501392364502,0.31574483300209977,0.2794500018353574,0.996875,0.23877245508982037,0.3852657004830918,0.5854899368762885,0.00819672131147541,1.0,0.016260162601626018,1,122,1,14.0,7125,1,0.14035087719298245,8461,1336
P-4,SMAP,rolling_median,1e-06,0.0,0.019125643302686502,1.0,0.033860045146726865,0.06550218340611354,0.08907872660718358,0.375,1.0,0.5454545454545454,3,8,3,51.333333333333336,7308,0,0.0,7751,443
P-4,SMAP,gru,0.06630202382802963,0.3009889580134768,0.2865226022549905,0.7142857142857143,0.033860045146726865,0.06465517241379311,0.10600587893892047,0.23076923076923078,1.0,0.375,3,13,3,51.333333333333336,7308,6,0.8210180623973727,7751,443
P-7,SMAP,rolling_median,2.5942323207855225,0.0,0.019901807536371042,0.8142857142857143,0.034524530587522716,0.06624055781522371,0.30642507496066373,0.01818181818181818,1.0,0.03571428571428572,1,55,1,88.0,6388,13,2.0350657482780212,8039,1651
P-7,SMAP,gru,1.5285133123397827,0.3128878339775838,0.2762298012385145,0.5647058823529412,0.029073288915808602,0.055299539170506916,0.5128821418879304,0.014084507042253521,1.0,0.02777777777777778,1,71,1,88.0,6388,37,5.792110206637445,8039,1651
R-1,SMAP,rolling_median,1e-06,0.0,0.01896215107990428,1.0,0.012345679012345678,0.024390243902439025,0.023438302417781064,1.0,1.0,1.0,1,1,1,49.0,7131,0,0.0,7212,81
R-1,SMAP,gru,0.0006823986768722534,0.31438783401972614,0.2794798245304264,0.04060913705583756,0.09876543209876543,0.05755395683453238,0.023055403410446457,0.09090909090909091,1.0,0.16666666666666669,1,11,1,49.0,7131,189,26.503996634413127,7212,81
S-1,SMAP,rolling_median,3.039957046508789,0.0,0.01951220619957893,0.2777777777777778,0.05580357142857143,0.09293680297397769,0.10287482518552032,0.011627906976744186,1.0,0.022988505747126436,1,86,1,200.0,6851,65,9.487666034155598,7299,448
S-1,SMAP,gru,2.79726505279541,0.3152276669861749,0.2776125169475563,0.03125,0.002232142857142857,0.004166666666666667,0.16217299215351083,0.03125,1.0,0.06060606060606061,1,32,1,276.0,6851,31,4.524886877828054,7299,448
T-1,SMAP,rolling_median,2.9510416984558105,0.0,0.020243086328264322,0.0,0.0,0.0,0.2294238996423239,0.0,0.0,0.0,2,0,0,,7044,0,0.0,8580,1536
T-1,SMAP,gru,0.5743487477302551,0.3320583339955192,0.2836795028997585,0.4482758620689655,0.016927083333333332,0.03262233375156838,0.17986356247412516,0.06666666666666667,1.0,0.125,2,30,2,58.0,7044,32,4.542873367404884,8580,1536
T-2,SMAP,rolling_median,2.9651970863342285,0.0,0.018429143528919657,0.0,0.0,0.0,0.2478613813667211,0.0,0.0,0.0,1,0,0,,6808,0,0.0,8593,1785
T-2,SMAP,gru,0.5439702868461609,0.3150151250010822,0.2781475966912694,0.48936170212765956,0.01288515406162465,0.025109170305676855,0.19250831740279373,0.041666666666666664,1.0,0.07999999999999999,1,24,1,75.0,6808,24,3.525264394829612,8593,1785
T-3,SMAP,rolling_median,2.30495285987854,0.0,0.019622578111011525,0.2222222222222222,0.010869565217391304,0.02072538860103627,0.031956824083807185,0.6666666666666666,1.0,0.8,2,3,2,55.5,8363,7,0.8370202080593089,8547,184
T-3,SMAP,gru,0.43499821424484253,0.31795237501501106,0.28022913029417396,0.5161290322580645,0.08695652173913043,0.14883720930232558,0.10496754770114325,0.16666666666666666,1.0,0.2857142857142857,2,12,2,55.5,8363,15,1.7936147315556619,8547,184
