case,channel,condition,mode,proposed_claims,unsupported_proposed_claims,emitted_claims,unsupported_emitted_claims,coverage,latency_seconds
1,C-1,complete,template,8,0,8,0,1.0,
1,C-1,complete,ordinary_local_llm,8,0,8,0,1.0,15.220988334011054
1,C-1,complete,ordinary_llm_plus_validator,8,0,8,0,1.0,15.220988334011054
1,C-1,complete,grounded_local_llm,7,0,7,0,0.875,11.271698458993342
2,C-1,missing_prediction,template,7,0,7,0,1.0,
2,C-1,missing_prediction,ordinary_local_llm,8,1,8,1,1.0,12.867737957974896
2,C-1,missing_prediction,ordinary_llm_plus_validator,8,1,7,0,1.0,12.867737957974896
2,C-1,missing_prediction,grounded_local_llm,6,0,6,0,0.8571428571428571,9.561891165998532
3,A-1,complete,template,8,0,8,0,1.0,
3,A-1,complete,ordinary_local_llm,8,0,8,0,1.0,13.212747125013266
3,A-1,complete,ordinary_llm_plus_validator,8,0,8,0,1.0,13.212747125013266
3,A-1,complete,grounded_local_llm,7,0,7,0,0.875,11.782031542010373
4,A-1,missing_prediction,template,7,0,7,0,1.0,
4,A-1,missing_prediction,ordinary_local_llm,8,1,8,1,1.0,13.092706666997401
4,A-1,missing_prediction,ordinary_llm_plus_validator,8,1,7,0,1.0,13.092706666997401
4,A-1,missing_prediction,grounded_local_llm,6,0,6,0,0.8571428571428571,9.794343832996674
5,C-2,complete,template,8,0,8,0,1.0,
5,C-2,complete,ordinary_local_llm,7,0,7,0,0.875,12.228678167011822
5,C-2,complete,ordinary_llm_plus_validator,7,0,7,0,0.875,12.228678167011822
5,C-2,complete,grounded_local_llm,7,0,7,0,0.875,12.1734315000067
6,C-2,missing_prediction,template,7,0,7,0,1.0,
6,C-2,missing_prediction,ordinary_local_llm,7,1,7,1,0.8571428571428571,11.838581459014677
6,C-2,missing_prediction,ordinary_llm_plus_validator,7,1,6,0,0.8571428571428571,11.838581459014677
6,C-2,missing_prediction,grounded_local_llm,6,0,6,0,0.8571428571428571,9.971004166989587
7,A-2,complete,template,8,0,8,0,1.0,
7,A-2,complete,ordinary_local_llm,8,0,8,0,1.0,13.431039249990135
7,A-2,complete,ordinary_llm_plus_validator,8,0,8,0,1.0,13.431039249990135
7,A-2,complete,grounded_local_llm,7,0,7,0,0.875,11.935166250012117
8,A-2,missing_prediction,template,7,0,7,0,1.0,
8,A-2,missing_prediction,ordinary_local_llm,8,2,8,2,0.8571428571428571,14.12625337499776
8,A-2,missing_prediction,ordinary_llm_plus_validator,8,2,6,0,0.8571428571428571,14.12625337499776
8,A-2,missing_prediction,grounded_local_llm,6,0,6,0,0.8571428571428571,10.031001583003672
9,D-14,complete,template,8,0,8,0,1.0,
9,D-14,complete,ordinary_local_llm,8,0,8,0,1.0,13.686985416978132
9,D-14,complete,ordinary_llm_plus_validator,8,0,8,0,1.0,13.686985416978132
9,D-14,complete,grounded_local_llm,7,0,7,0,0.875,12.805107000021962
10,D-14,missing_prediction,template,7,0,7,0,1.0,
10,D-14,missing_prediction,ordinary_local_llm,8,1,8,1,1.0,13.485894416982774
10,D-14,missing_prediction,ordinary_llm_plus_validator,8,1,7,0,1.0,13.485894416982774
10,D-14,missing_prediction,grounded_local_llm,6,1,5,0,0.7142857142857143,9.874029875005363
11,A-3,complete,template,8,0,8,0,1.0,
11,A-3,complete,ordinary_local_llm,8,0,8,0,1.0,13.738787250011228
11,A-3,complete,ordinary_llm_plus_validator,8,0,8,0,1.0,13.738787250011228
11,A-3,complete,grounded_local_llm,7,0,7,0,0.875,12.200276166986441
12,A-3,missing_prediction,template,7,0,7,0,1.0,
12,A-3,missing_prediction,ordinary_local_llm,8,1,8,1,1.0,13.670220375002827
12,A-3,missing_prediction,ordinary_llm_plus_validator,8,1,7,0,1.0,13.670220375002827
12,A-3,missing_prediction,grounded_local_llm,6,0,6,0,0.8571428571428571,10.347857542015845
13,D-15,complete,template,8,0,8,0,1.0,
13,D-15,complete,ordinary_local_llm,8,2,8,2,0.75,13.469599333999213
13,D-15,complete,ordinary_llm_plus_validator,8,2,6,0,0.75,13.469599333999213
13,D-15,complete,grounded_local_llm,7,0,7,0,0.875,11.616045000002487
14,D-15,missing_prediction,template,7,0,7,0,1.0,
14,D-15,missing_prediction,ordinary_local_llm,9,3,9,3,0.8571428571428571,14.472794166998938
14,D-15,missing_prediction,ordinary_llm_plus_validator,9,3,6,0,0.8571428571428571,14.472794166998938
14,D-15,missing_prediction,grounded_local_llm,6,0,6,0,0.8571428571428571,9.670210625015898
15,A-4,complete,template,8,0,8,0,1.0,
15,A-4,complete,ordinary_local_llm,7,1,7,1,0.75,11.874805083003594
15,A-4,complete,ordinary_llm_plus_validator,7,1,6,0,0.75,11.874805083003594
15,A-4,complete,grounded_local_llm,7,0,7,0,0.875,11.582592291990295
16,A-4,missing_prediction,template,7,0,7,0,1.0,
16,A-4,missing_prediction,ordinary_local_llm,7,2,7,2,0.7142857142857143,11.739319125015754
16,A-4,missing_prediction,ordinary_llm_plus_validator,7,2,5,0,0.7142857142857143,11.739319125015754
16,A-4,missing_prediction,grounded_local_llm,6,0,6,0,0.8571428571428571,9.549818291998236
17,D-16,complete,template,8,0,8,0,1.0,
17,D-16,complete,ordinary_local_llm,8,0,8,0,1.0,14.432450166001217
17,D-16,complete,ordinary_llm_plus_validator,8,0,8,0,1.0,14.432450166001217
17,D-16,complete,grounded_local_llm,7,0,7,0,0.875,12.85057754200534
18,D-16,missing_prediction,template,7,0,7,0,1.0,
18,D-16,missing_prediction,ordinary_local_llm,8,1,8,1,1.0,18.53600954200374
18,D-16,missing_prediction,ordinary_llm_plus_validator,8,1,7,0,1.0,18.53600954200374
18,D-16,missing_prediction,grounded_local_llm,6,0,6,0,0.8571428571428571,11.949298041989096
19,A-5,complete,template,8,0,8,0,1.0,
19,A-5,complete,ordinary_local_llm,8,0,8,0,1.0,15.019233166007325
19,A-5,complete,ordinary_llm_plus_validator,8,0,8,0,1.0,15.019233166007325
19,A-5,complete,grounded_local_llm,7,0,7,0,0.875,12.251871833985206
20,A-5,missing_prediction,template,7,0,7,0,1.0,
20,A-5,missing_prediction,ordinary_local_llm,9,3,9,3,0.8571428571428571,15.107300667004893
20,A-5,missing_prediction,ordinary_llm_plus_validator,9,3,6,0,0.8571428571428571,15.107300667004893
20,A-5,missing_prediction,grounded_local_llm,6,0,6,0,0.8571428571428571,10.309883000008995
21,F-4,complete,template,8,0,8,0,1.0,
21,F-4,complete,ordinary_local_llm,7,0,7,0,0.875,12.554111458011903
21,F-4,complete,ordinary_llm_plus_validator,7,0,7,0,0.875,12.554111458011903
21,F-4,complete,grounded_local_llm,7,0,7,0,0.875,12.636459583998658
22,F-4,missing_prediction,template,7,0,7,0,1.0,
22,F-4,missing_prediction,ordinary_local_llm,7,1,7,1,0.8571428571428571,12.006153666996397
22,F-4,missing_prediction,ordinary_llm_plus_validator,7,1,6,0,0.8571428571428571,12.006153666996397
22,F-4,missing_prediction,grounded_local_llm,6,0,6,0,0.8571428571428571,10.352764957991894
23,A-6,complete,template,8,0,8,0,1.0,
23,A-6,complete,ordinary_local_llm,7,0,7,0,0.875,12.965744290995644
23,A-6,complete,ordinary_llm_plus_validator,7,0,7,0,0.875,12.965744290995644
23,A-6,complete,grounded_local_llm,7,0,7,0,0.875,12.794573042017873
24,A-6,missing_prediction,template,7,0,7,0,1.0,
24,A-6,missing_prediction,ordinary_local_llm,7,2,7,2,0.7142857142857143,11.631054333003704
24,A-6,missing_prediction,ordinary_llm_plus_validator,7,2,5,0,0.7142857142857143,11.631054333003704
24,A-6,missing_prediction,grounded_local_llm,6,0,6,0,0.8571428571428571,9.946359166002367
25,F-5,complete,template,8,0,8,0,1.0,
25,F-5,complete,ordinary_local_llm,7,0,7,0,0.875,12.186232083011419
25,F-5,complete,ordinary_llm_plus_validator,7,0,7,0,0.875,12.186232083011419
25,F-5,complete,grounded_local_llm,7,0,7,0,0.875,12.217933209001785
26,F-5,missing_prediction,template,7,0,7,0,1.0,
26,F-5,missing_prediction,ordinary_local_llm,8,1,8,1,1.0,13.094245666987263
26,F-5,missing_prediction,ordinary_llm_plus_validator,8,1,7,0,1.0,13.094245666987263
26,F-5,missing_prediction,grounded_local_llm,6,0,6,0,0.8571428571428571,10.07358616698184
27,A-7,complete,template,8,0,8,0,1.0,
27,A-7,complete,ordinary_local_llm,7,0,7,0,0.875,11.831018958997447
27,A-7,complete,ordinary_llm_plus_validator,7,0,7,0,0.875,11.831018958997447
27,A-7,complete,grounded_local_llm,7,0,7,0,0.875,11.82216095799231
28,A-7,missing_prediction,template,7,0,7,0,1.0,
28,A-7,missing_prediction,ordinary_local_llm,7,1,7,1,0.8571428571428571,11.35871075000614
28,A-7,missing_prediction,ordinary_llm_plus_validator,7,1,6,0,0.8571428571428571,11.35871075000614
28,A-7,missing_prediction,grounded_local_llm,6,0,6,0,0.8571428571428571,9.675017749977997
29,F-7,complete,template,8,0,8,0,1.0,
29,F-7,complete,ordinary_local_llm,8,0,8,0,1.0,13.12962341698585
29,F-7,complete,ordinary_llm_plus_validator,8,0,8,0,1.0,13.12962341698585
29,F-7,complete,grounded_local_llm,7,0,7,0,0.875,11.698778874997515
30,F-7,missing_prediction,template,7,0,7,0,1.0,
30,F-7,missing_prediction,ordinary_local_llm,9,4,9,4,0.7142857142857143,15.265630500012776
30,F-7,missing_prediction,ordinary_llm_plus_validator,9,4,5,0,0.7142857142857143,15.265630500012776
30,F-7,missing_prediction,grounded_local_llm,6,0,6,0,0.8571428571428571,9.788948792003794
31,A-8,complete,template,8,0,8,0,1.0,
31,A-8,complete,ordinary_local_llm,7,0,7,0,0.875,12.276840124977753
31,A-8,complete,ordinary_llm_plus_validator,7,0,7,0,0.875,12.276840124977753
31,A-8,complete,grounded_local_llm,7,0,7,0,0.875,12.25409075000789
32,A-8,missing_prediction,template,7,0,7,0,1.0,
32,A-8,missing_prediction,ordinary_local_llm,7,1,7,1,0.8571428571428571,11.582265749981161
32,A-8,missing_prediction,ordinary_llm_plus_validator,7,1,6,0,0.8571428571428571,11.582265749981161
32,A-8,missing_prediction,grounded_local_llm,6,0,6,0,0.8571428571428571,10.412526667001657
